UIDLU,Site name,Latitude,Longitude
LU001,D'Entrecasteaux River at South Cape Rd,-43.50856274,146.8744323249162
LU002,D'Entrecasteaux River at South Cape Rd,-43.50856274,146.8744323249162
LU003,Mesa Creek at North Lune Rd,-43.41033457,146.8521933301346
LU004,Mesa Creek at North Lune Rd,-43.41033457,146.8521933301346
LU005,Hot Springs Creek at North Lune Rd,-43.40193473,146.8604014574692
LU006,Hot Springs Creek at North Lune Rd,-43.40193473,146.8604014574692
LU007,Creekton Rivulet at Creekton Rd,-43.37325369,146.89202999888843
LU008,Creekton Rivulet at Creekton Rd,-43.37325369,146.89202999888843
LU009,Peak Rivulet off Peak Rivulet Rd,-43.31677005,146.89402921940112
LU010,Peak Rivulet off Peak Rivulet Rd,-43.31677005,146.89402921940112
LU011,Esperence Trib off Esperence River Rd,-43.25908132,146.84939332488125
LU012,Esperence Trib off Esperence River Rd,-43.25908132,146.84939332488125
LU013,Esperance River at Esperance River Rd,-43.25319165,146.8358565178402
LU014,Esperance River at Esperance River Rd,-43.25319165,146.8358565178402
LU015,Esperance River at Esperance River Rd,-43.25319165,146.8358565178402
LU016,Esperance River at Esperance River Rd,-43.25319165,146.8358565178402
LU017,Esperance River at Esperance River Rd,-43.25319165,146.8358565178402
LU018,Esperance River at Esperance River Rd,-43.25319165,146.8358565178402
LU019,Esperance River at Esperance River Rd,-43.25319165,146.8358565178402
LU020,Esperance River at Esperance River Rd,-43.25319165,146.8358565178402
LU021,Esperance River at Esperance River Rd,-43.25319165,146.8358565178402
LU022,Esperance River at Esperance River Rd,-43.25319165,146.8358565178402
LU023,Esperance River at Esperance River Rd,-43.25319165,146.8358565178402
LU024,Esperance River at Esperance River Rd,-43.25319165,146.8358565178402
LU025,Esperance River at Esperance River Rd,-43.25319165,146.8358565178402
LU026,Esperance River at Esperance River Rd,-43.25319165,146.8358565178402
LU027,Esperance River at Esperance River Rd,-43.25319165,146.8358565178402
LU028,Esperance River at Esperance River Rd,-43.25319165,146.8358565178402
LU029,Esperance River at Esperance River Rd,-43.25319165,146.8358565178402
LU030,Esperance River at Esperance River Rd,-43.25319165,146.8358565178402
LU031,Esperance River at Esperance River Rd,-43.25319165,146.8358565178402
LU032,Esperance River at Esperance River Rd,-43.25319165,146.8358565178402
LU033,Esperance River at Esperance River Rd,-43.25319165,146.8358565178402
LU034,Esperance River at Esperance River Rd,-43.25319165,146.8358565178402
LU035,Esperance River at Esperance River Rd,-43.25319165,146.8358565178402
LU036,Esperance River at Esperance River Rd,-43.25319165,146.8358565178402
LU037,Esperance River at Esperance River Rd,-43.25319165,146.8358565178402
LU038,Esperance River at Esperance River Rd,-43.25319165,146.8358565178402
LU039,Esperance River at Esperance River Rd,-43.25319165,146.8358565178402
LU040,Esperance River at Esperance River Rd,-43.25319165,146.8358565178402
LU041,Esperance River at Esperance River Rd,-43.25319165,146.8358565178402
LU042,Esperance River at Esperance River Rd,-43.25319165,146.8358565178402
LU043,Esperance River at Esperance River Rd,-43.25319165,146.8358565178402
LU044,Esperance River at Esperance River Rd,-43.25319165,146.8358565178402
LU045,Garden Island Creek at Garden Island Ck,-43.2344018,147.1555706497453
LU046,Farmhouse Creek at Picton Rd,-43.23166681,146.6680725888885
LU047,Farmhouse Creek at Picton Rd,-43.23166681,146.6680725888885
LU048,Picton River ds Farmhouse Creek,-43.22910415,146.68205116196015
LU049,Picton River ds Farmhouse Creek,-43.22910415,146.68205116196015
LU050,Garden Island creek ds Cunninghams Road,-43.22491,147.16934
LU051,Garden Island Ck off Island Creek Rd,-43.21079262,147.17933211664715
LU052,Garden Island Ck off Island Creek Rd,-43.21079262,147.17933211664715
LU053,Garden Island Creek at Flat Rock,-43.20924,147.18192999999997
LU054,Cook Creek at Picton Rd,-43.18884383,146.64237509626548
LU055,Cook Creek at Picton Rd,-43.18884383,146.64237509626548
LU056,South Creek upstream Kermandie river,-43.18658,146.88263
LU057,South Creek us Kermandie River,-43.18610911,146.88192501505648
LU058,South Creek us Kermandie River,-43.18610911,146.88192501505648
LU059,kermandie R @ ohallorans rd,-43.18606,146.88225999999997
LU060,kermandie R @ ohallorans rd,-43.18606,146.88225999999997
LU061,kermandie R @ ohallorans rd,-43.18606,146.88225999999997
LU062,Kermandie Creek upstream of South Creek,-43.18584,146.88152999999997
LU063,Kermandie Creek upstream of South Creek,-43.18584,146.88152999999997
LU064,Kermandie river upstream of South Creek,-43.18565,146.88059999999996
LU065,Kermandie River at Oigles Road,-43.18530431,146.87870246646432
LU066,Kermandie River at Oigles Road,-43.18530431,146.87870246646432
LU067,Kermandie River at Oigles Road,-43.18530431,146.87870246646432
LU068,Kermandie River at Oigles Road,-43.18530431,146.87870246646432
LU069,Kermandie River at Oigles Road,-43.18530431,146.87870246646432
LU070,Kermandie River at Oigles Road,-43.18530431,146.87870246646432
LU071,Kermandie River at Oigles Road,-43.18530431,146.87870246646432
LU072,Kermandie River at Oigles Road,-43.18530431,146.87870246646432
LU073,Kermandie River at Oigles Road,-43.18530431,146.87870246646432
LU074,Kermandie River at Oigles Road,-43.18530431,146.87870246646432
LU075,Kermandie River at Oigles Road,-43.18530431,146.87870246646432
LU076,Kermandie River at Oigles Road,-43.18530431,146.87870246646432
LU077,Kermandie River at Oigles Road,-43.18530431,146.87870246646432
LU078,Kermandie River at Oigles Road,-43.18530431,146.87870246646432
LU079,Kermandie River at Oigles Road,-43.18530431,146.87870246646432
LU080,Kermandie River at Oigles Road,-43.18530431,146.87870246646432
LU081,Kermandie River at Oigles Road,-43.18530431,146.87870246646432
LU082,Kermandie River at Oigles Road,-43.18530431,146.87870246646432
LU083,Kermandie River at Oigles Road,-43.18530431,146.87870246646432
LU084,Kermandie River at Oigles Road,-43.18530431,146.87870246646432
LU085,Kermandie River at Oigles Road,-43.18530431,146.87870246646432
LU086,Kermandie River at Oigles Road,-43.18530431,146.87870246646432
LU087,Kermandie River at Oigles Road,-43.18530431,146.87870246646432
LU088,Kermandie River at Oigles Road,-43.18530431,146.87870246646432
LU089,Kermandie River at Oigles Road,-43.18530431,146.87870246646432
LU090,Kermandie River at Oigles Road,-43.18530431,146.87870246646432
LU091,Kermandie River at Oigles Road,-43.18530431,146.87870246646432
LU092,Kermandie River at Oigles Road,-43.18530431,146.87870246646432
LU093,Kermandie River at Oigles Road,-43.18530431,146.87870246646432
LU094,Kermandie River at Oigles Road,-43.18530431,146.87870246646432
LU095,Kermandie River at Oigles Road,-43.18530431,146.87870246646432
LU096,Cowen Joe property dam,-43.18229,147.14384
LU097,Gardners Creek at 1 bridge Woodbridge Rd,-43.18115,147.11364
LU098,Gardners Creek at 1 bridge Woodbridge Rd,-43.18115,147.11364
LU099,Kermandie River at Mc Kibbins Road,-43.17975,146.90707999999998
LU100,Rileys Creek at Rileys Creek road,-43.17891,146.92370999999997
LU101,Rileys Creek at Rileys Ck Rd,-43.17876065,146.92367573597681
LU102,Rileys Creek at Rileys Ck Rd,-43.17876065,146.92367573597681
LU103,Kermandie river,-43.17617,146.91488
LU104,Kermandie River of O'Hallorans rd,-43.16867,146.94237999999999
LU105,My sample Kermandie,-43.16515,146.93044
LU106,Kermandie River at Geeveston,-43.16497984,146.93255007876664
LU107,Kermandie River at Geeveston,-43.16497984,146.93255007876664
LU108,Kermandie at Arve Road,-43.1649,146.932
LU109,Kermandie at Arve Road,-43.1649,146.932
LU110,Kermandie at Arve Road,-43.1649,146.932
LU111,Crookes River at Fourfoot Road,-43.16128137,146.92230749537205
LU112,Crookes River at Fourfoot Road,-43.16128137,146.92230749537205
LU113,Crookes Rivulet at  Fourfoot road,-43.16121,146.92256
LU114,Crookes Rivulet at  Fourfoot road,-43.16121,146.92256
LU115,Nichols Rivulet at Joes Rd,-43.15928692,147.13929089090254
LU116,Nichols Rivulet at Joes Rd,-43.15928692,147.13929089090254
LU117,Arve River at Arve road,-43.15897,146.80682
LU118,Arve River at Arve road,-43.15897,146.80682
LU119,Arve River at Arve Rd,-43.15865981,146.80710550319867
LU120,Arve River at Arve Rd,-43.15865981,146.80710550319867
LU121,Golden Valley Creek at Slab Road,-43.15562,147.07458999999997
LU122,Golden Valley Creek at Slab Road,-43.15562,147.07458999999997
LU123,Golden Valley Creek at Slab Road,-43.15562,147.07458999999997
LU124,Agnes Rivulet at football ground,-43.15553,147.07536
LU125,Agnes Rivulet at football ground,-43.15553,147.07536
LU126,Agnes Rivulet at football ground,-43.15553,147.07536
LU127,Keoghs Creek at Arve Rd,-43.15116278,146.7939077974478
LU128,Keoghs Creek at Arve Rd,-43.15116278,146.7939077974478
LU129,Nicholls Rivulet at Underwood rd,-43.14894,147.1512
LU130,Nicholls Rivulet at Underwood rd,-43.14894,147.1512
LU131,Nicholls Rivulet at Underwood rd,-43.14894,147.1512
LU132,Agnes Rivulet at Slab Rd,-43.13997415,147.08021092367608
LU133,Agnes Rivulet at Slab Rd,-43.13997415,147.08021092367608
LU134,Agnes Rivulet at woodcock rd,-43.13906,147.08038
LU135,Agnes Rivulet at woodcock rd,-43.13906,147.08038
LU136,Agnes Rivulet at woodcock rd,-43.13906,147.08038
LU137,Cripps Creek 1km from coast,-43.13364464,147.72634726649196
LU138,Cripps Creek 1km from coast,-43.13364464,147.72634726649196
LU139,Castle Forbes Bay Rivulet,-43.13111,146.96838
LU140,Castle Forbes Bay Rivulet,-43.13111,146.96838
LU141,Castle Forbes Rivulet at Harwoods Road,-43.12584,146.95834
LU142,Nicholls Rivulet at Smiths Rd,-43.12435376,147.15580783393168
LU143,Nicholls Rivulet at Smiths Rd,-43.12435376,147.15580783393168
LU144,Nicholls Rivulet at Smiths Road,-43.12431,147.15576
LU145,Nicholls Rivulet at Smiths Road,-43.12431,147.15576
LU146,Agnes Rivulet at Wileys rd,-43.12399,147.09646
LU147,Agnes Rivulet at Wileys rd,-43.12399,147.09646
LU148,Agnes Rivulet at Wileys rd,-43.12399,147.09646
LU149,Plummers Creek at Prices Hill Rd,-43.11861431,147.7652220308122
LU150,Plummers Creek at Prices Hill Rd,-43.11861431,147.7652220308122
LU151,Castle Forbes Rivulet,-43.11518284,146.94992375199467
LU152,Castle Forbes Rivulet,-43.11518284,146.94992375199467
LU153,Simmonds Creek at Fortescue Bay Rd,-43.11348128,147.90470048709784
LU154,Simmonds Creek at Fortescue Bay Rd,-43.11348128,147.90470048709784
LU155,Picton River at Riveaux Rd,-43.10807571,146.71844287459828
LU156,Picton River at Riveaux Rd,-43.10807571,146.71844287459828
LU157,Kroanna Creek at Manuka Rd,-43.09262485,146.67488202170054
LU158,Kroanna Creek at Manuka Rd,-43.09262485,146.67488202170054
LU159,Tomalah Creek at Manuka Rd,-43.08884437,146.669152
LU160,Tomalah Creek at Manuka Rd,-43.08884437,146.669152
LU161,Prices Creek at 26 New Road,-43.08547,147.01014
LU162,Prices Creek at 26 New Road,-43.08547,147.01014
LU163,Prices Creek at Rankins Road,-43.08219,146.98509999999996
LU164,Prices Creek at Rankins Road,-43.08219,146.98509999999996
LU165,Warra Creek at Warra Rd,-43.07223181,146.70601686503088
LU166,Warra Creek at Warra Rd,-43.07223181,146.70601686503088
LU167,Snug River at Snug Tiers Road,-43.07057928,147.23784311360586
LU168,Snug River at Snug Tiers Road,-43.07057928,147.23784311360586
LU169,Arve River at Arve Ford,-43.06705181,146.82317541521596
LU170,Arve River at Arve Ford,-43.06705181,146.82317541521596
LU171,Arve river at Edwards road,-43.06702,146.82299
LU172,Arve river at Edwards road,-43.06702,146.82299
LU173,Arve river at Edwards road,-43.06702,146.82299
LU174,Kellaways Creek below Lords Rd,-43.0624,147.08937
LU175,Kellaways Creek below Lords Rd,-43.0624,147.08937
LU176,Kellaways Creek below Lords Rd,-43.0624,147.08937
LU177,Kellaways Creek at Pelverata Rd,-43.0623717,147.08960298262076
LU178,Kellaways Creek at Pelverata Rd,-43.0623717,147.08960298262076
LU179,snug,-43.06229,147.26010999999997
LU180,Lords rd dam,-43.06156,147.08562
LU181,kellaways ck P3,-43.06138,147.08805
LU182,Pelverata Creek upstr of Pelverata,-43.04949385,147.11094889474194
LU183,Pelverata Creek upstr of Pelverata,-43.04949385,147.11094889474194
LU184,Pelverata Creek @ Pelverata rd,-43.04943,147.11085999999997
LU185,2.0.4.8 android after  crash,-43.04532,147.22528
LU186,2.0.4.8 android after  crash,-43.04532,147.22528
LU187,2.0.4.8 android after  crash,-43.04532,147.22528
LU188,2.0.4.8 android after  crash,-43.04532,147.22528
LU189,2.0.4.8 android after  crash,-43.04532,147.22528
LU190,iOS 2.4.11 test with interrupt,-43.04506,147.22463999999997
LU191,Kellaways Creek at Halls Track Rd,-43.04411136,147.11745852926524
LU192,Kellaways Creek at Halls Track Rd,-43.04411136,147.11745852926524
LU193,Kellaways Ck @ Hallstrack Rd,-43.04374,147.11811000000003
LU194,Kellaways Ck @ Hallstrack Rd,-43.04374,147.11811000000003
LU195,Kellaways Ck @ Hallstrack Rd,-43.04374,147.11811000000003
LU196,Kellaways Ck @ Hallstrack Rd,-43.04374,147.11811000000003
LU197,kellaways ck above Vincents rd,-43.03524,147.14348
LU198,kellaways ck above Vincents rd,-43.03524,147.14348
LU199,Margate rivulet,-43.02897,147.25457
LU200,Crystal Creek at South Weld Rd,-43.02659538,146.66690895766894
LU201,Crystal Creek at South Weld Rd,-43.02659538,146.66690895766894
LU202,Isabella Creek off South Weld Rd,-43.02149875,146.65783
LU203,Isabella Creek off South Weld Rd,-43.02149875,146.65783
LU204,North West Bay River at Channel H'way,-43.02122551,147.26529108662973
LU205,North West Bay River at Channel H'way,-43.02122551,147.26529108662973
LU206,North West Bay River at Channel H'way,-43.02122551,147.26529108662973
LU207,North West Bay River at Channel H'way,-43.02122551,147.26529108662973
LU208,North West Bay River at Channel H'way,-43.02122551,147.26529108662973
LU209,North West Bay River at Channel H'way,-43.02122551,147.26529108662973
LU210,North West Bay River at Channel H'way,-43.02122551,147.26529108662973
LU211,Mountain River at Ranelagh Bridge,-43.01774332,147.04150462515133
LU212,Mountain River at Ranelagh Bridge,-43.01774332,147.04150462515133
LU213,Mountain River at Ranelagh Bridge,-43.01774332,147.04150462515133
LU214,Mountain River at Ranelagh Bridge,-43.01774332,147.04150462515133
LU215,Mountain River at Ranelagh Bridge,-43.01774332,147.04150462515133
LU216,Mountain River at Ranelagh Bridge,-43.01774332,147.04150462515133
LU217,Mountain River at Ranelagh Bridge,-43.01774332,147.04150462515133
LU218,Mountain River at Ranelagh Bridge,-43.01774332,147.04150462515133
LU219,Mountain River at Ranelagh Bridge,-43.01774332,147.04150462515133
LU220,Mountain River at Ranelagh Bridge,-43.01774332,147.04150462515133
LU221,Mountain River at Ranelagh Bridge,-43.01774332,147.04150462515133
LU222,Mountain River at Ranelagh Bridge,-43.01774332,147.04150462515133
LU223,Mountain River at Ranelagh Bridge,-43.01774332,147.04150462515133
LU224,Mountain River at Ranelagh Bridge,-43.01774332,147.04150462515133
LU225,Mountain River at Ranelagh Bridge,-43.01774332,147.04150462515133
LU226,Mountain River at Ranelagh Bridge,-43.01774332,147.04150462515133
LU227,Mountain River at Ranelagh Bridge,-43.01774332,147.04150462515133
LU228,Mountain River at Ranelagh Bridge,-43.01774332,147.04150462515133
LU229,Mountain River at Ranelagh Bridge,-43.01774332,147.04150462515133
LU230,Mountain River at Ranelagh Bridge,-43.01774332,147.04150462515133
LU231,Mountain River at Ranelagh Bridge,-43.01774332,147.04150462515133
LU232,Mountain River at Ranelagh Bridge,-43.01774332,147.04150462515133
LU233,Mountain River at Ranelagh Bridge,-43.01774332,147.04150462515133
LU234,Mountain River at Ranelagh Bridge,-43.01774332,147.04150462515133
LU235,Mountain River at Ranelagh Bridge,-43.01774332,147.04150462515133
LU236,Mountain River at Ranelagh Bridge,-43.01774332,147.04150462515133
LU237,Mountain River at Ranelagh Bridge,-43.01774332,147.04150462515133
LU238,Mountain River at Ranelagh Bridge,-43.01774332,147.04150462515133
LU239,Mountain River at Wilmot road,-43.01764,147.04141999999996
LU240,Mountain River at Wilmot road,-43.01764,147.04141999999996
LU241,Mountain River at Wilmot road,-43.01764,147.04141999999996
LU242,Allens Rivulet at Kaoota Road,-43.01531411,147.1793022200627
LU243,Allens Rivulet at Kaoota Road,-43.01531411,147.1793022200627
LU244,Test,-43.01218,147.2604
LU245,Thomson Creek at Allens Rivulet Road,-43.01067464,147.2020387891183
LU246,Thomson Creek at Allens Rivulet Road,-43.01067464,147.2020387891183
LU247,Allens Rivulet at Moody Road,-43.0098292,147.21143532210831
LU248,Allens Rivulet at Moody Road,-43.0098292,147.21143532210831
LU249,Skinner's Creek,-43.00935,147.03659
LU250,North West bay River off Miandetta Drive,-43.00894133,147.2498510674169
LU251,North West bay River off Miandetta Drive,-43.00894133,147.2498510674169
LU252,Coffee Creek lower site,-43.00663,147.28636999999998
LU253,North West bay River at Margate weir,-43.00598069,147.2447470751233
LU254,North West bay River at Margate weir,-43.00598069,147.2447470751233
LU255,North West bay River at Margate weir,-43.00598069,147.2447470751233
LU256,Little Denison River at Denison Rd,-42.99989406,146.8303121759065
LU257,Little Denison River at Denison Rd,-42.99989406,146.8303121759065
LU258,Allens Rivulet at Sandfly Road,-42.99593211,147.2221343219594
LU259,Allens Rivulet at Sandfly Road,-42.99593211,147.2221343219594
LU260,Allens Rivulet at Sandfly Road,-42.99593211,147.2221343219594
LU261,Coffee Creek upstream of Penrhyn pond,-42.99593,147.29291
LU262,Mountain River at Lucaston Rd,-42.9954171,147.0662091523232
LU263,Mountain River at Lucaston Rd,-42.9954171,147.0662091523232
LU264,Mountain River at Lucaston Rd,-42.9954171,147.0662091523232
LU265,Mountain River at Lucaston Rd,-42.9954171,147.0662091523232
LU266,Mountain River at Lollara road,-42.99515,147.06624
LU267,Mountain River at Lollara road,-42.99515,147.06624
LU268,Mountain River at Lollara road,-42.99515,147.06624
LU269,North West Bay River upstream of Allens Rivulet,-42.99447777,147.2244476557628
LU270,North West Bay River upstream of Allens Rivulet,-42.99447777,147.2244476557628
LU271,Judds Ck at Lonnavale road,-42.99315,146.92370999999997
LU272,Judds Ck at Lonnavale road,-42.99315,146.92370999999997
LU273,Judds Ck at Lonnavale road,-42.99315,146.92370999999997
LU274,Cooke Rivulet at Sandfly Road,-42.98629776,147.19692989902802
LU275,Cooke Rivulet at Sandfly Road,-42.98629776,147.19692989902802
LU276,Whitewater Creek upstream Turquoise Way,-42.98565,147.28218
LU277,Judds Creek us Judbury,-42.98452182,146.93536027246867
LU278,Judds Creek us Judbury,-42.98452182,146.93536027246867
LU279,Russell River at Denison Rd,-42.98382327,146.85932740056825
LU280,Russell River at Denison Rd,-42.98382327,146.85932740056825
LU281,Levert Rivulet upstream of North West Bay River confluence,-42.98260556,147.20215536189573
LU282,Levert Rivulet upstream of North West Bay River confluence,-42.98260556,147.20215536189573
LU283,North West Bay River at Huon Highway,-42.98179933,147.19974876935942
LU284,North West Bay River at Huon Highway,-42.98179933,147.19974876935942
LU285,North West Bay River at Huon Highway,-42.98179933,147.19974876935942
LU286,Whitewater Creek at Java Head Link Road,-42.98127,147.2853
LU287,Quarrys Creek at Sandfly Road,-42.98016372,147.19255634193658
LU288,Bakers creek at Lucaston/Cross Road,-42.9794,147.05449999999996
LU289,Bakers creek at Lucaston/Cross Road,-42.9794,147.05449999999996
LU290,Coombes Rivulet at Huon Road,-42.97355316,147.1930262537734
LU291,Coombes Rivulet at Huon Road,-42.97355316,147.1930262537734
LU292,Coombes Rivulet at Huon Road,-42.97355316,147.1930262537734
LU293,North West Bay River at Longley Park,-42.97315355,147.1950239
LU294,North West Bay River at Longley Park,-42.97315355,147.1950239
LU295,North West Bay River at Longley Park,-42.97315355,147.1950239
LU296,Russell River at Orana,-42.97269,146.84326
LU297,"Russell River, 898 Lonnavale Road",-42.97226,146.83952999999997
LU298,"Russell River, 898 Lonnavale Road",-42.97226,146.83952999999997
LU299,Russell River @ Russell Rd,-42.97196,146.83993999999998
LU300,Whitewater Creek downstream of Kingston park,-42.97182,147.30966
LU301,Russell River at 898 Lonnavale Road,-42.97097,146.84303
LU302,Russell River at 898 Lonnavale Road,-42.97097,146.84303
LU303,Russell River at 898 Lonnavale Road,-42.97097,146.84303
LU304,Russell River at 898 Lonnavale Road,-42.97097,146.84303
LU305,Mountain River at Crabtree rd,-42.97076,147.08734
LU306,Mountain river at Crabtree road,-42.97071,147.08788
LU307,Mountain River at Crabtree Rd,-42.97044053,147.0876177373897
LU308,Mountain River at Crabtree Rd,-42.97044053,147.0876177373897
LU309,Mountain River at Crabtree Rd,-42.97044053,147.0876177373897
LU310,Mountain River at Crabtree Rd,-42.97044053,147.0876177373897
LU311,Whitewater Creek upstream of Whitewater Crescent,-42.96986,147.30214
LU312,Bakers creek at Lucaston road,-42.96961,147.0869
LU313,Bakers creek at Lucaston road,-42.96961,147.0869
LU314,Bakers creek at Lucaston road,-42.96961,147.0869
LU315,Crabtree Rivulet at Crabtree Rd,-42.96955865,147.08680715216593
LU316,Crabtree Rivulet at Crabtree Rd,-42.96955865,147.08680715216593
LU317,Little Denison River at McDougalls Rd,-42.96750385,146.7737252716135
LU318,Little Denison River at McDougalls Rd,-42.96750385,146.7737252716135
LU319,Browns River downstream of Browns Road,-42.96468,147.31631999999996
LU320,North West Bay River at River Bend Road,-42.96453805,147.20397222244762
LU321,North West Bay River at River Bend Road,-42.96453805,147.20397222244762
LU322,North West Bay River at River Bend Road,-42.96453805,147.20397222244762
LU323,mountain river,-42.96075,147.10949
LU324,mountain river,-42.96075,147.10949
LU325,mountain river,-42.96075,147.10949
LU326,mountain river,-42.96075,147.10949
LU327,Mountain River at Sawyers Creek Rd,-42.96063319,147.10940362133695
LU328,Mountain River at Sawyers Creek Rd,-42.96063319,147.10940362133695
LU329,Mountain River at Sawyers Creek Rd,-42.96063319,147.10940362133695
LU330,Mountain River at Sawyers Creek Rd,-42.96063319,147.10940362133695
LU331,Mountain River at Sawyers Creek Rd,-42.96063319,147.10940362133695
LU332,Vincents Rivulet off Proctors Road,-42.9581,147.31336
LU333,Browns at summerleas rd,-42.95728,147.26943999999997
LU334,Levert Rivulet at Wolfes Road,-42.95562489,147.23578162857427
LU335,Levert Rivulet at Wolfes Road,-42.95562489,147.23578162857427
LU336,North West Bay River at Betts Rd,-42.95451059,147.20661170364036
LU337,North West Bay River at Betts Rd,-42.95451059,147.20661170364036
LU338,North West Bay River at Betts Rd,-42.95451059,147.20661170364036
LU339,North West Bay River at Betts Rd,-42.95451059,147.20661170364036
LU340,North West Bay River at Betts Rd,-42.95451059,147.20661170364036
LU341,Sounds Rivulet at Murdunna,-42.94710431,147.8664541704529
LU342,Sounds Rivulet at Murdunna,-42.94710431,147.8664541704529
LU343,Sounds Rivulet at Murdunna,-42.94710431,147.8664541704529
LU344,Sounds Rivulet at Murdunna,-42.94710431,147.8664541704529
LU345,Russell River at Russell Pimple,-42.94128074,146.78778205731103
LU346,Russell River at Russell Pimple,-42.94128074,146.78778205731103
LU347,Russell River at Russell Pimple,-42.94128074,146.78778205731103
LU348,Russell River at Russell Pimple,-42.94128074,146.78778205731103
LU349,Russell River at Russell Pimple,-42.94128074,146.78778205731103
LU350,Russell River at Russell Pimple,-42.94128074,146.78778205731103
LU351,Russell River at Russell Pimple,-42.94128074,146.78778205731103
LU352,Russell River at Russell Pimple,-42.94128074,146.78778205731103
LU353,Russell River at Russell Pimple,-42.94128074,146.78778205731103
LU354,Russell River at Russell Pimple,-42.94128074,146.78778205731103
LU355,Russell River at Russell Pimple,-42.94128074,146.78778205731103
LU356,Russell River at Russell Pimple,-42.94128074,146.78778205731103
LU357,Russell River at Russell Pimple,-42.94128074,146.78778205731103
LU358,Russell River at Russell Pimple,-42.94128074,146.78778205731103
LU359,Russell River at Russell Pimple,-42.94128074,146.78778205731103
LU360,Russell River at Russell Pimple,-42.94128074,146.78778205731103
LU361,Russell River at Russell Pimple,-42.94128074,146.78778205731103
LU362,Russell River at Russell Pimple,-42.94128074,146.78778205731103
LU363,Russell River at Russell Pimple,-42.94128074,146.78778205731103
LU364,Russell River at Russell Pimple,-42.94128074,146.78778205731103
LU365,Russell River at Russell Pimple,-42.94128074,146.78778205731103
LU366,Russell River at Russell Pimple,-42.94128074,146.78778205731103
LU367,Russell River at Russell Pimple,-42.94128074,146.78778205731103
LU368,Russell River at Russell Pimple,-42.94128074,146.78778205731103
LU369,Russell River at Russell Pimple,-42.94128074,146.78778205731103
LU370,Russell River at Russell Pimple,-42.94128074,146.78778205731103
LU371,Russell River at Russell Pimple,-42.94128074,146.78778205731103
LU372,Russell River at Russell Pimple,-42.94128074,146.78778205731103
LU373,Russell River at Russell Pimple,-42.94128074,146.78778205731103
LU374,Russell River at Russell Pimple,-42.94128074,146.78778205731103
LU375,Russell River at Russell Pimple,-42.94128074,146.78778205731103
LU376,Russell River at Russell Pimple,-42.94128074,146.78778205731103
LU377,Russell River at Russell Pimple,-42.94128074,146.78778205731103
LU378,Russell River at Russell road,-42.94128,146.78796
LU379,Russell River at Russell road,-42.94128,146.78796
LU380,Russell River at Russell road,-42.94128,146.78796
LU381,Mountain River at Mountain River Rd,-42.93775122,147.13459885467583
LU382,Mountain River at Mountain River Rd,-42.93775122,147.13459885467583
LU383,Mountain River at Mountain River Rd,-42.93775122,147.13459885467583
LU384,Mountain River at Mountain River Rd,-42.93775122,147.13459885467583
LU385,Mountain River at Bennets road,-42.93765,147.13465
LU386,Mountain River at Bennets road,-42.93765,147.13465
LU387,Mountain River at Bennets road,-42.93765,147.13465
LU388,Crabtree Rivulet at Mitchells Rd,-42.92725754,147.04715429788774
LU389,Crabtree Rivulet at Mitchells Rd,-42.92725754,147.04715429788774
LU390,North West Bay River off Pipeline Track,-42.92517447,147.1838685852053
LU391,North West Bay River off Pipeline Track,-42.92517447,147.1838685852053
LU392,End of Mountain River Road,-42.91935,147.13752
LU393,Mountain River above Trestle Ck,-42.91933162,147.13792823731708
LU394,Mountain River above Trestle Ck,-42.91933162,147.13792823731708
LU395,Mountain River above Trestle Ck,-42.91933162,147.13792823731708
LU396,Mountain River above Trestle Ck,-42.91933162,147.13792823731708
LU397,LAM01 Lamberts Rivulet,-42.91423,147.32992
LU398,LAM01 Lamberts Rivulet,-42.91423,147.32992
LU399,LAM01 Lamberts Rivulet,-42.91423,147.32992
LU400,sandy Bay rivulet,-42.90952,147.28734000000003
LU401,SAN01 Sandy Bay Rivulet upstream,-42.90918,147.28557
LU402,SAN01 Sandy Bay Rivulet upstream,-42.90918,147.28557
LU403,SAN01 Sandy Bay Rivulet upstream,-42.90918,147.28557
LU404,SAN01 Sandy Bay Rivulet upstream,-42.90918,147.28557
LU405,SAN01 Sandy Bay Rivulet upstream,-42.90918,147.28557
LU406,SAN01 Sandy Bay Rivulet upstream,-42.90918,147.28557
LU407,LAM02 Lamberts Rivulet @ Churchill Avenue,-42.90884,147.33076
LU408,LAM02 Lamberts Rivulet @ Churchill Avenue,-42.90884,147.33076
LU409,LAM02 Lamberts Rivulet @ Churchill Avenue,-42.90884,147.33076
LU410,Sandy Bay Rivulet,-42.90865,147.28636999999998
LU411,Hobart Rivulet HOB01,-42.90807,147.26258999999996
LU412,HOB01 Hobart Rivulet off Strickland Ave upper,-42.90801,147.26328
LU413,HOB01 Hobart Rivulet off Strickland Ave upper,-42.90801,147.26328
LU414,HOB01 Hobart Rivulet off Strickland Ave upper,-42.90801,147.26328
LU415,HOB01 Hobart Rivulet off Strickland Ave upper,-42.90801,147.26328
LU416,HOB01 Hobart Rivulet off Strickland Ave upper,-42.90801,147.26328
LU417,Hobart Rivulet downstream Strickland Falls,-42.90785475,147.26357935199096
LU418,Hobart Rivulet downstream Strickland Falls,-42.90785475,147.26357935199096
LU419,Puzzle River north of Russel Br,-42.90549584,146.8744627830816
LU420,Puzzle River north of Russel Br,-42.90549584,146.8744627830816
LU421,LAM03 Lamberts Rivulet,-42.9051,147.33317
LU422,LAM03 Lamberts Rivulet,-42.9051,147.33317
LU423,LAM03 Lamberts Rivulet,-42.9051,147.33317
LU424,SAN02 Sandy Bay Rivulet,-42.90411,147.29827999999998
LU425,SAN02 Sandy Bay Rivulet,-42.90411,147.29827999999998
LU426,Sandy Bay Rivulet SAN02,-42.90398,147.29752999999997
LU427,SAN02B willow site,-42.90375,147.29934
LU428,SAN02B willow site,-42.90375,147.29934
LU429,HOB02 Hobart Rivulet on Strickland Ave lwr,-42.90347,147.27868
LU430,Hobart Rivulet,-42.90342,147.27674
LU431,Hobart Rivulet,-42.90342,147.27674
LU432,Hobart Rivulet at Strickland Bend 1,-42.90316814,147.27667855061702
LU433,Hobart Rivulet at Strickland Bend 1,-42.90316814,147.27667855061702
LU434,Rifle Range Creek,-42.90288,147.32175
LU435,SAN03 Sandy Bay Rivulet upstrea Romilly Street,-42.90194,147.30781
LU436,SAN03 Sandy Bay Rivulet upstrea Romilly Street,-42.90194,147.30781
LU437,SAN03 Sandy Bay Rivulet upstrea Romilly Street,-42.90194,147.30781
LU438,Sandy Bay SAN03,-42.9018,147.30836
LU439,Russell River at Russell Rd,-42.90028532,146.73038969576825
LU440,Russell River at Russell Rd,-42.90028532,146.73038969576825
LU441,SAN04 Sandy Bay Rivulet at Lynton ave,-42.89986,147.31381
LU442,SAN04 Sandy Bay Rivulet at Lynton ave,-42.89986,147.31381
LU443,SAN04 Sandy Bay Rivulet at Lynton ave,-42.89986,147.31381
LU444,Hobart Rivulet HOB03,-42.89738,147.29073
LU445,HOB03 Hobart Rivulet upstream of brewery,-42.89717,147.28767
LU446,hobart rivulet,-42.89705,147.29041
LU447,hobart rivulet,-42.89705,147.29041
LU448,hobart rivulet,-42.89705,147.29041
LU449,Hobart rivulet,-42.89659,147.33258
LU450,HOB04 Hobart Rivulet downstream of brewery,-42.896,147.29147999999998
LU451,HOB04 Hobart Rivulet downstream of brewery,-42.896,147.29147999999998
LU452,HOB04 Hobart Rivulet downstream of brewery,-42.896,147.29147999999998
LU453,South Hobart Rivulet,-42.89584,147.29302
LU454,Hobart Rivulet @ bouldertrap,-42.89553,147.29534999999998
LU455,Sandy Bay Rivulet SAN04,-42.89511,147.32027
LU456,HOB05 Hobart Rivulet @ Cascade gardens,-42.89501,147.29389
LU457,HOB05 Hobart Rivulet @ Cascade gardens,-42.89501,147.29389
LU458,HOB05 Hobart Rivulet @ Cascade gardens,-42.89501,147.29389
LU459,Hobart Rivulet off Degraves St,-42.89497417,147.29789190237784
LU460,Hobart Rivulet off Degraves St,-42.89497417,147.29789190237784
LU461,Sandy Bay Rivulet NA,-42.89495,147.31923
LU462,Hobart Rivulet,-42.89476,147.28883
LU463,HOB06 Hobart Rivulet downstream tip outflow,-42.89475,147.29817000000003
LU464,HOB06 Hobart Rivulet downstream tip outflow,-42.89475,147.29817000000003
LU465,HOB06 Hobart Rivulet downstream tip outflow,-42.89475,147.29817000000003
LU466,pilinger Street sample @waterworks tng,-42.89458,147.31972999999996
LU467,pilinger Street sample @waterworks tng,-42.89458,147.31972999999996
LU468,pilinger Street sample @waterworks tng,-42.89458,147.31972999999996
LU469,pilinger Street sample @waterworks tng,-42.89458,147.31972999999996
LU470,pilinger Street sample @waterworks tng,-42.89458,147.31972999999996
LU471,pilinger Street sample @waterworks tng,-42.89458,147.31972999999996
LU472,pilinger Street sample @waterworks tng,-42.89458,147.31972999999996
LU473,GYF02 Guy Fawkes Rivulet willow site,-42.89451,147.29058
LU474,Guy Fawkes Rivulet,-42.89445,147.28544
LU475,Guy Fawkes Rivulet GYF02,-42.89445,147.28994
LU476,Guy Fawkes Rivulet GYF02,-42.89445,147.28994
LU477,Guy Fawkes Rivulet GYF01,-42.89431,147.28471
LU478,GYF01 Guy Fawkes Rivulet upstream,-42.89416,147.28288999999998
LU479,Hobart rivulet,-42.89385,147.30719
LU480,HOB07 Hobart Rivulet upstream of Anglesea bridge,-42.89384,147.30808999999996
LU481,HOB07 Hobart Rivulet upstream of Anglesea bridge,-42.89384,147.30808999999996
LU482,HOB07 Hobart Rivulet upstream of Anglesea bridge,-42.89384,147.30808999999996
LU483,HOB07 Hobart Rivulet upstream of Anglesea bridge,-42.89384,147.30808999999996
LU484,HOB07 Hobart Rivulet upstream of Anglesea bridge,-42.89384,147.30808999999996
LU485,Hobart Rivulet at Tara St,-42.89370605,147.3007149894504
LU486,Hobart Rivulet at Tara St,-42.89370605,147.3007149894504
LU487,SAN06 Sandy Bay Rivulet,-42.89335,147.32507
LU488,SAN06 Sandy Bay Rivulet,-42.89335,147.32507
LU489,SAN06 Sandy Bay Rivulet,-42.89335,147.32507
LU490,SAN06 Sandy Bay Rivulet,-42.89335,147.32507
LU491,Hobart Rivulet downstream Tannery,-42.89171908,147.3129647675363
LU492,Hobart Rivulet downstream Tannery,-42.89171908,147.3129647675363
LU493,Hobart Rivulet,-42.88718,147.32281
LU494,Hobart Rivulet,-42.88681,147.32283999999999
LU495,HOB08 Hobart Rivulet,-42.88636,147.32295999999997
LU496,HOB08 Hobart Rivulet,-42.88636,147.32295999999997
LU497,HOB08 Hobart Rivulet,-42.88636,147.32295999999997
LU498,Hobart Rivulet,-42.88576,147.32319
LU499,Rocky Creek,-42.88254,147.32387
LU500,Plenty River trib at Plenty Valley Rd,-42.88230565,146.83114908843785
LU501,Plenty River trib at Plenty Valley Rd,-42.88230565,146.83114908843785
LU502,Newtown Rivulet NTR01,-42.87464,147.25552
LU503,Newtown Rivulet NTR01,-42.87464,147.25552
LU504,Newtown Rivulet NTR01,-42.87464,147.25552
LU505,Lachlan River us Lachlan,-42.86645115,147.02881814164883
LU506,Lachlan River us Lachlan,-42.86645115,147.02881814164883
LU507,Carlton River at SG station off Reardons Road,-42.86622891,147.70507345108814
LU508,Carlton River at SG station off Reardons Road,-42.86622891,147.70507345108814
LU509,Newtown Rivulet NTR02,-42.8654,147.27748
LU510,Newtown Rivulet NTR02,-42.8654,147.27748
LU511,Newtown Rivulet NTR02,-42.8654,147.27748
LU512,NewTown Rivulet NTW01,-42.86529,147.27891999999997
LU513,Kangaroo Bay @ Council Chambers,-42.86455,147.368
LU514,Newtown Rivulet NTR03,-42.86436,147.28163
LU515,Newtown Rivulet NTR03,-42.86436,147.28163
LU516,NA Sandy Bay Rivulet,-42.86383,147.28273
LU517,New Town Rivulet,-42.86381,147.2816
LU518,New Town Rivulet,-42.86381,147.2816
LU519,Newtown Rivulet  upstr. Girrabong Rd,-42.86366652,147.2822189357926
LU520,Newtown Rivulet NTR04,-42.86291,147.28287
LU521,Newtown Rivulet NTR04,-42.86291,147.28287
LU522,Newtown Rivulet NTR04,-42.86291,147.28287
LU523,Newtown Rivulet  upstr. factory outlet,-42.86139054,147.28490163126725
LU524,Newtown Rivulet  below factory outlet,-42.86115562,147.28521882083908
LU525,Newtown Rivulet 50m below factory outlet,-42.86085747,147.28560916319617
LU526,Plenty River us Stony Ck,-42.8605307,146.8575266
LU527,Plenty River us Stony Ck,-42.8605307,146.8575266
LU528,Newtown Rivulet NTR05,-42.85925,147.28774999999996
LU529,Newtown Rivulet NTR05,-42.85925,147.28774999999996
LU530,Newtown Rivulet NTR05,-42.85925,147.28774999999996
LU531,NewTown Rivulet NTR06,-42.85905,147.28866
LU532,NewTown Rivulet NTR06,-42.85905,147.28866
LU533,NewTown Rivulet NTR06,-42.85905,147.28866
LU534,Kangaroo Bay @ Schouten Street,-42.85837,147.3752
LU535,"Newtown Rivulet at ""The Castle""",-42.85779248,147.29045450728927
LU536,Lachlan River @ Lachlan road,-42.85507,147.02635
LU537,Kangaroo Bay @ Bounty Street,-42.85456,147.39091
LU538,Kangaroo Bay Rivulet upstream of flagstaff gully link,-42.85449,147.39595999999997
LU539,Newtown Rivulet NTR07,-42.85346,147.29573
LU540,Newtown Rivulet NTR07,-42.85346,147.29573
LU541,Newtown Rivulet NTR07,-42.85346,147.29573
LU542,Newtown Rivulet upstr. Main Rd,-42.85237297,147.29681808123604
LU543,Newtown Rivulet at Risdon Rd,-42.85053292,147.31149612280547
LU544,Newtown Rivulet NTR08,-42.84971,147.31064
LU545,Newtown Rivulet NTR08,-42.84971,147.31064
LU546,Newtown Rivulet NTR08,-42.84971,147.31064
LU547,Humphreys Rivulet end of Chapel Street,-42.84883,147.2505
LU548,Humphreys Rivulet @ Chapel Street,-42.84431,147.25885
LU549,sorell creek,-42.84353,147.18988
LU550,Humphreys Rivulet downstream of Brent Street,-42.83987,147.26864
LU551,Islet Rivulet,-42.83751,147.2374
LU552,Humphreys Rivulet downstream of Grove road,-42.82699,147.27643
LU553,Lachlan River @ Moores road,-42.8119,147.05547
LU554,Faulkner Rivulet off apanie crescent,-42.81186,147.23803000000004
LU555,Faulkner Rivulet upstream Boondar Street,-42.80872,147.24166
LU556,Faulkner Rivulet upstream of CC Access,-42.79718,147.25171
LU557,Lachlan River @ Humphrey Street,-42.78857,147.06590999999997
LU558,Lachlan River at Tynwald Park,-42.77698,147.07044
LU559,Sorell Rivulet upstream,-42.76409,147.57668
LU560,Jordan River lowest,-42.72638,147.26167
LU561,Tyenna River,-42.70705,146.70915999999997
LU562,Jordan River @ Polonia Bridge,-42.70207,147.26598
LU563,Jordan River @ marstrand memorial bridge,-42.6841,147.18297
LU564,Jordan River downstream of Andersons road bridge,-42.63179,147.10927
ALB100,"Albert Ck, Coal mine Rd",-43.17802,147.1493
AGN010,"Agnes Rlt, O'brians Rd",-43.12712,147.0907
AGN016,"Agnes Rlt, Woodcock Rd",-43.1391,147.08055
AGN130,"Agnes Rlt, Football Grnd",-43.15662,147.0751
ARV010,"Arve R, Arve Rd picnic area",-43.15872,146.8071
ARV650,"Arve R, Edwards Rd",-43.06725,146.82327
BAK100,"Bakers Ck, Adyah farm",-42.96867,147.0369
BAK200,"Bakers Ck, Lucaston Rd",-42.97938,147.05451
BAR400,"Barretts Ck, Pelverata Rd",-43.07608,147.0665
CFR200,"Castle Forbes Rlt, Harwoods Rd",-43.1261,146.95867
CFR300,"Castle Forbes Rlt, 1st Bridge",-43.13287,146.9723
CRB300,"Crabtree Rlt, Crabtree Rd",-42.96955,147.08683
CRO400,"Crowthers Rd trib, below hwy",-43.1392,146.9719
DIC500,"Dickensons Ck, Glen Huon Rd",-43.00928,146.93444
DIP100,"Dip Ck, u/s Mountain R",-42.96097,147.1096
DOV070,"Dover Rlt, Huon Hwy",-43.29767,147.01018
FLU100,"Fluertys Rlt, 4 Murrells Rd",-43.11335,146.99392
FOU100,"Fourteen Turn Ck,Huon Hwy",-42.98365,147.09406
GRD100,"Gardners Ck, Bluegum Rd",-43.2109,147.17933
GRD200,"Gardners Creek, Ist Bridge Woodbridge Hill Rd",-43.18112,147.1138
GIC450,"Garden Isl Ck, end of sealed Rd",-43.2109,147.17933
GIC500,"Garden Isl Ck, Cunninghams Rd",-43.22486,147.1692
GIC700,"Garden Isl Ck, Brittains Rd",-43.2377,147.15474
GVC115,"Golden Valley Ck, Slab Rd",-43.15527,147.074
HUO010,"Huon R, Tahune bridge",-43.09504,146.72887
HUO140,"Huon R, Judbury Bridge",-42.99877,146.92822
HUO400,"Huon R, Smiths Rd",-43.01431,147.0108
JUD200,"Judds Ck, Lonnavale Rd",-42.9932,146.92425
KEL250,"Kellaways Ck, above Vincents Rd",-43.0352,147.1435
KEL400,"Kellaways Ck, Halls Track Rd",-43.044,147.11749
KEL600,"Kellaways Ck, below Lords Rd",-43.0624,147.08964
KER100,Kermandie R u/s South Ck,-43.1858,146.879
KER200,"Kermandie R, McKibbens Rd",-43.17617,146.91488
KER600,"Kermandie R, Arve Rd",-43.165,146.93179
KER800,"Kermandie R, O'hallorans Rd",-43.1685,146.9425
KER900,"Kermandie R, Whale Point Rd",-43.1687,146.9424
LDR500,"Little Denison R, Denison Rd",-42.99997,146.83034
MOU100,"Mountain R, end Mtn River Rd",-42.91933,147.1378
MOU200,"Mountain R, Bennetts Rd",-42.93778,147.13459
MOU250,Grundys Ck Mnt River Rd,-42.93864,147.1346
MOU600,"Mountain R, Crabtree Rd",-42.96708,147.0873
MOU650,"Mountain R, Lollara Rd",-42.99538,147.06616
MOU850,"Mountain R, Wilmot Rd",-43.01771,147.04126
NIC100,"Nicholls Rlt, Smiths Rd",-43.12425,147.15576
NIC300,"Nicholls Rlt, Underwood Rd",-43.14895,147.15124
PCK100,"Prices Ck, Rankins Rd",-43.0819,146.9852
PCK200,"Prices Ck, 124 New Rd",-43.08308,146.9993
PCK300,"Prices Ck, 26 New Rd",-43.08531,147.0103
PEL300,"Pelverata Ck, Pelverata Rd",-43.04955,147.1111
PIC002,"Picton R, Riveaux Rd",-43.10802,146.71806
RIL200,"Rileys Ck, above dam",-43.19689,146.93262
RIL400,"Rileys Ck, 1st bridge Rileys Ck Rd",-43.17887,146.92375
RUS010,"Russell R, Russell Rd",-42.94137,146.7878
RUS090,"Russell R, Orana",-42.9713,146.8436
RUS100,"Russell R, Lonnavale Rd",-42.98383,146.85933
SMI400,"Smiths Ck, Huon Hwy",-42.98383,146.85933
STH200,"South Ck, at Kermandie R",-43.18591,146.88188
STT400,"Scotts Rlt, Fourfoot Rd",-43.16127,146.92245
WAT200,"Watsons Ck, Glen Huon Rd",-43.02492,146.95785